name,sequence,mono_mass
A0A250WVP4.1_360-390,HMLPAGWAEAKDPATGVTYYFNAGTGQRQWERP,3704.758272999999
A0A0D2VF83.1_224-253,HMLPENWKAVADASGKTYYYNSVTRETSWSFP,3734.746372999999
F1QJI9.1_2566-2595,HMLPPSWKVARDPEGRIYYYHIITRQTQWDPP,3949.983861999999
A0A176VG57.1_904-934,HMLPPDWEETTDVGTGQKYYYNMKTNESSWERP,3988.7672449999995
T1EEB7.1_148-177,HMLPEGWELNIDKRGRVYYTNRRLRITQWEDP,4041.0544009999994
A0A1I8BCN2.1_28-58,HMLPKGWEKRLSRSSGREYYFNVLTQKSQWDRP,4079.070049999999
A0A256A3S9.1_103-144,HMHTVSSGETIYSIAKKYGTSETELLAANPNAKNGIQPGDVLVL,4653.374844
V6Q4L5.1_554-595,HMYRVKSGDTLYSIARQNGTTVGALKQANGLTSDVIVVGQTLSL,4661.45991
A0A2G1QR46.1_342-384,HMYTVVAGDSLYAIARRHGVTVAALKSANGLSNGNLRIGQKLAIP,4702.5605669999995
D6ZZ45.1_151-194,HMHVVAPGETLSSIARTYGVPRGTLAAANGLDINAQVRTGQKLTVP,4766.540226000002
H6BQE2.1_289-332,HMYAVAQGDDGYKIATTLGVTLAALKAANPNVNWDTLLVGQSLNVP,4809.479976000001
PDB2N8S,HMGSPSPLPPGWEERQDVLGRTYYVNHESRTTQWKRPSPED,4819.294976000001
A0A0G1W8J2.1_151-193,HMYEVESGDTISSIAEKFGLAAETILWANNLAKTSTLKPGKVLVI,4844.567397000001
A0A147EF69.1_170-213,HMYVVRPGDTGFAIAYKHAVPWSQIAVANGISPDAAVTPGKELLIP,4856.547605
D4B3C0.1_340-37,HMALFTFDADQEGDLGFKKGEIITIVKRTEKQDDWWTGRIGN,4865.4235290000015
C8WRB5.1_4-47,HMHVVEPGDTLWELGKLYHVSAADIAAANGIRNPEQLVVGQALVIP,4927.580696999999
EHEE_rd2_0526.pdb_G,HMTTTYTYDDKTQAETAARKLKSKGLTVRVEDRNGEFHLEVRG,4951.4998799999985
A0A1T1HEJ4.1_89-131,HMYTVQKGDTLSSIADHFAISLSNLKRSNPGIDHDRLHPGQKLII,5022.6250230000005
EHEE_rd2_1003,HMTLTYTTTDREEARRWKEWAEKAGLTVTVTERNGKFEVRVE,5023.536266999999
EHEE_rd2_1162.pdb_G,HMTEEYEYDDETAARTAYETARKNGLDVRYTKSGGKYRVEIRG,5028.406037
HHH_rd2_0194,HMSDEAEKVARKLAKNGATRDQIEEVLRRLGASDDEIKQILKNIG,5044.6839930000015
EHEE_rd4_0555,HMRFQYHVTGKEKADRIVNELKKQNLNVRVEEHNGHFIIEAE,5055.600206999999
A8J094.1_34-77,HMYTLRKGDTLESIAKKRSVTVDQILGINPDVKPGKVVEGQTILLP,5056.811092999999
EHEE_rd4_0653.pdb_G,HMDETITVDGEELARKLWQMYVDRNLTVEVHRHGDKWVIHVSG,5098.529409999999
HHH_rd3_0218,HMPELLKKLKEEIERKQLSPDQAEKIAKELGLSPEAVEQARQFAA,5125.759785
A0A1N6IGX9.1_84-126,HMYTVRKGDTFYSIALNHGIDYKELAEWNGIADPSTIRPGQQINL,5131.561417000001
EHEE_rd2_0061,HMTETRTYTNETEARRIVEELRRRGYDVQVTEDNGKWTVTRR,5151.576903000001
A0A1I4UJX3.1_71-114,HMITVRDEDTLSDIARRFNLGYEEIVSANPGVDPWFPKAGTEIIIP,5181.623352
EEHEE_rd4_0667,HMLTVHVQGVTYHFSSPEQAKRFAEEMAKRLNLTVEVHGNTFKVE,5194.623308
HHH_rd4_0150,HMDEEAKKLVEKLKKNGVDPRQIKEILKKLGLSDDEVDKVVREVV,5196.8908040000015
EEHEE_rd4_0349,HMTTVHIGNVTYHFDNPREAEEFAKKVAKKLGLRVEMDNGNFKVE,5198.618222999999
HHH_rd1_0236,HMPEDVKKLLEQLYRDGYSPDEAAKIAKKLGATPEEIERARKELW,5250.749948999998
L0K8L2.1_130-173,HMYYVQPGDTLYEIAQEYDTTVDALVRINNIADPDIIFPGRILIIP,5274.695119
A0A0P1IUA1.1_177-22,HMHTVQRGETAFTISRLYNVSVRSLAEWNGLGKDFTIRENQILLIP,5309.788399000001
A0A1I0MR33.1_53-96,HMYTVSPGDTLETIAQNHNVPLMQLLRNNNYLFERSNIYPGETIVI,5314.654331999999
HHH_rd1_0016.pdb_S,HMPTDELHERAERALKEGNEDKARELLKQAGFSPEEIERVVRTYGS,5320.664715
EEHEE_rd4_0183.pdb_GS,HMTEVHVDGITYKFDEPEQAKKFALEMAQKLGMQMHVDGNQIHVKGS,5351.598806999999
A0A1G8NY33.1_4-48,HMHIVQKGDTLWNLAKQYDVDFEELKAANTQLADPEKIMPGMKIKIP,5403.782175999998
HHH_rd4_0431.pdb_S,HMDKDDVVQRIHEALQKGNEDEVKELVKRLGVSEEEAKEIVRKYMS,5406.7664049999985
EEHEE_rd4_0660.pdb_S,HMLTVDVQGLEYHFDNPEEAKKFVERMAKELNAQVHYKDGTYKIES,5436.654727000001
HHH_rd4_0564.pdb_GS,HMPEEAKKVVEKLQREGYSLDQIYEIAKRRGDEDVVKIVQRLKRSGS,5509.957985
HEEH_TK_rd5_5568,HMSLEDAERIAHEALKRGEEFNFLGFTVRDEEDFKELEKWIRRFV,5521.762976
PDB4CVD,HMLTTVANEVIQGLWGNGQERYDSLANAGYDPQAVQDKVNEILNAREIAD,5525.690984000002
HEEH_TK_rd5_2591.pdb_G,HMTLEELREEIKKLIDNGKRVRVLGYETTNLEEAERLLEEWLKERG,5564.941332999998
HHH_rd2_0009.pdb_GS,HMSDEAADRIRQLKNDGYSEEWIKQYLKKQGFTEDEIEKARKKLEGS,5596.800873000001
HEEH_TK_rd5_3163.pdb_GS,HMDLEEAEEFAREAFKRNLTIELFGIRVTSEEAFRRLEDFLRKLFGS,5644.888903000001
HEEH_TK_rd5_2969.pdb_S,HMSEEELERLKRIFKERGTSINFAGIEVHSEEDIEKAWEWWEKWKS,5701.8052339999995
HEEH_TK_rd5_4785.pdb_GS,HMDWRELLKHIEELIRQGKDVHFAGIRVTSEEEARRAIKIWRERRGS,5736.056017999998
HEEH_TK_rd5_5534.pdb_GS,HMHEEEVEKEARRALERNESIHFDGWTAHDEEEFKRIIEHLRRERGS,5822.822114999998
A0A1V2M9W8.1_38-8,HMYTVEKGDSLSWIAKTMLGDGSRYMDIYELNKDKITDPNLIEIGMKLKLP,5869.980676
A0A134ABH1.1_55-104,HMYHVKSGDTLWNIASSFANEKDDLRMIVDSIVEENQLKNSADIHPGDVLQI,5891.888702
A0A1V4IJR5.1_168-216,HMYTVVEGDTWYKVANENYPQYTAESVMKLLVYINNLPNNDLPLGERIFLP,5970.964097999999
A0A1V8M0P0.1_101-149,HMYVIQSGDSLSKIAKKYYQNAMEYPRIFEANKEVIKDPDLIYPGQKIRIP,5997.132500999999
R5ITU7.1_673-727,HMFTVPDVIGMDESEAAALLAEKTITYRIVGTGSTVTDQLPAPGSQVPGNSQIILYM,6032.026101000001
A0A1G7V5E1.1_666-718,HMTVPDVKGMGARDAVFLLETLGFKVRINGIGQVYEQSIDPGKSYSKGEFISLRL,6066.186325999999
A0A1B1BFX4.1_782-841,HMLPNVVGQTLDQAKGSLSGFGVQVLEDTVTDPAQVGRVTVMNPVAGSPAIPGGTVIVVVGK,6206.287158999997
F5L8Z4.1_645-698,HMVETPDMTGWSLKEVLDWASVTRMKVRAEGHGYVTAQNVSPGVRLRPGSELQVTL,6218.161583999999
A0A117KXV3.1_653-706,HMVLVPDVRNKRIFEAADVLESLGLKLVPHGSGKAYMQKPAPNTKIKRGSSVEVWF,6242.376528999999
Q1Q042.1_149-197,HMYKVQERDTLHKIARKYYGDDNKWLLIFNANQDRIYDRNNLRVGTELIIP,6245.249749
A0A1S2LLC2.1_584-637,HMIEVPDLVGRTRQDINEAYYELRLDVSGKGDMVLAQSPDPGIKVKQYSTIRILLG,6296.308961000002
C4LI33.1_661-718,HMVAVPQLIGSTVKEARAKAEKAGLKIDAGDAKSNDRVLVQNPLPGFSAERDSVITVKTV,6324.437999
A0A1D8G333.1_585-642,HMVDVPQVTGLMLGQAKQVLAQRGLQVSIAEGPDNDMVFVVDQDPKPGKKVDPNTPVTVK,6433.360009999999
A0A173XEX3.1_462-523,HMLPNLVGLSLETAKSTITSNGLKVGTITYEYSNTVASGNVISSSPISGSGVPSGYSINLVVSK,6495.373448
A0A1H9XPY5.1_479-54,HMEVPNLAGFTVDEAKQALSNVGLTFGGTQQVNNTRVDKGNVIESSPAAGTSVDVGSAVTLKVS,6511.292905999999
PDB6BV7,HMSNAVLEVDERDQDDEEARREMARILKELKQKHPEKEIEQLIELANYQVLSQQQKSRA,7041.578881000002
A0A1G1PJ05.1_4-65,HMGKVKWFSNQKGYGFITPESGNDVFVHYSAIQGDGYKTLEEGQAVNFDIEKGDKGEQAKNVTK,7120.472996999999
PDB1I0C,HMKKYAKSKYDFVARNSSELSVMKDDVLEILDDRRQWWKVRNASGDSGFVPNNILDIMRTPE,7297.665194000002
PDB1TUD,HMMDRQGFVPAAYVKKLDSGTGKELVLALYDYQEKSPREVTMKKGDILTLLNSTNKDWWKVEVN,7382.793412000001
A0A250WVP4.1_360-390,HMLPAGWAEAKDPATGVTYYFNAGTGQRQWERP,3704.758272999999
A0A1Z5KNI4.1_260-290,HMLPNGWQAVQDPASGKEYYYHTETKQTQWERP,3974.843460999999
A0A0E9NM77.1_7-37,HMLPPNWEIRHSKTKGIPYYYNNKTSESRWEPP,4054.990068999999
Q7S233.1_116-14,HMLPSGWTPKWDDEYQRWYYLEEATGRSQWEAP,4111.858777999998
A0A160T9Y7.1_199-237,HMYTVAAGDTWQSLAQRHATTTAILQRANPGALVVGRAIWV,4430.318211999999
PDB2N8S,HMGSPSPLPPGWEERQDVLGRTYYVNHESRTTQWKRPSPED,4819.294976000001
A0A1S6INE5.1_174-215,HMYTVQPGDNLYRIALNHGMDVDVLKEINGISSNEIAVGTVLKV,4822.4786
EHEE_rd2_0051,HMSEQITVTDENEARRIATELKKKGKTVTIYETNGTYTVEYD,4861.407996
A0A1G2L332.1_192-235,HMHEVKKGDTISGIAKKYGGNEADILLYNGLVSGEDLIAGDIIIIP,4876.56846
A0A080JVR7.1_582-623,HMHKVVAGDSLYTIAQRYRVNVADLITANNLRGQNIQIGQVLKV,4915.671910999999
EHEE_rd2_0526.pdb_G,HMTTTYTYDDKTQAETAARKLKSKGLTVRVEDRNGEFHLEVRG,4951.4998799999985
A0A1F1IFM3.1_225-267,HMYTVVAGDSPWRVAQKFGISVKRLRDLNGLSVDSPMYVGDVLVV,4973.604804999999
A0A142L281.1_24-65,HMHKVDKGEGLIALARRYNTTVEDILKANPKLKQLNIGQKINIP,4976.786215
K0J079.1_75-116,HMHTIEKGDTLFALANKYNVTVVDLMNWNELDSDLIIIGHTLVI,5005.572168000001
A0A1T1HEJ4.1_89-131,HMYTVQKGDTLSSIADHFAISLSNLKRSNPGIDHDRLHPGQKLII,5022.6250230000005
EHEE_rd2_1162.pdb_G,HMTEEYEYDDETAARTAYETARKNGLDVRYTKSGGKYRVEIRG,5028.406037
A0A1I3P575.1_4-47,HMHVVQSGETVWTISRRYGVSANQIARANQLPNPNVLVIGQSLVIP,5048.688289999999
EEHEE_rd4_0298,HMVTVTVNGVQYDFSNPEEAVRFALRVAKELNGKIEFHGNHIKVE,5121.624688999999
A0A098R160.1_78-120,HMHQVQAGDTYYSIARRYNMGLNELLELNNVDQNSVLRVGTVLTV,5130.576749000003
EEHEE_rd4_0581.pdb_S,HMMQVEVNGLTYTFDNPEQAVEFAQRMAKKLGGTFTLKDGTLHVTS,5139.525624000001
A0A090LHU9.1_50-91,HMIKQEDSINKIALQYNVSVSDIKRFNNILNDQEIYALKSIRIP,5170.760120000001
EEHEE_rd4_0349,HMTTVHIGNVTYHFDNPREAEEFAKKVAKKLGLRVEMDNGNFKVE,5198.618222999999
HHH_rd4_0639,HMDKVEELVKEALRRANGDKDKVLEILKKQGVSDEELDKVRKILS,5200.860565000001
HHH_rd4_0384,HMMEEAEKVAREAYKNGASPDDIEKLLRELGVSEEEIKRILKRVV,5207.7434840000005
EEHEE_rd3_0523,HMSTVHVNNETYHFDNPEKAQKFAEKLAKELGLKVHKSGNEFKIE,5221.640732999999
EHEE_rd4_0515,HMEIDYTFNGEEQAKRFWKEMMDRNLEAEVHIENNQWIVKVK,5234.516460999999
HHH_rd1_0236,HMPEDVKKLLEQLYRDGYSPDEAAKIAKKLGATPEEIERARKELW,5250.749948999998
L0K8L2.1_130-173,HMYYVQPGDTLYEIAQEYDTTVDALVRINNIADPDIIFPGRILIIP,5274.695119
EEHEE_rd4_0353,HMTTVHVGNVTYHFDNPEEADKFARRMAKEQNLEIRWDGNTIHVE,5334.547577
HHH_rd4_0041.pdb_G,HMDERVEKAVEKLLKDGYSPEQVVKILKRRGIDEKEVREVIKKLSG,5373.9922480000005
EEHEE_rd4_0455.pdb_GS,HMATVEVQGMKYEFSSPEEAEKFAKEMAKKLNLQVTVHGDKWRVEGS,5378.652617
EEHEE_rd4_0986,HMLQVHVDGVTYHFDNPEEAYEFAKRMAESQQRKVEVHNGQFHIE,5379.536678
HHH_rd4_0048.pdb_S,HMDEELKKIVERLLRNGISPDEVREILKRQGVSDEEIEEALKRVVS,5383.888571
HEEH_rd3_0083.pdb_G,HMSQKLLELIRKAEKNNRPFTYNGETYKPGTDDFERAKRQAEKEAG,5393.732733
A0A1Z8LDH6.1_390-43,HMYTIQSGDNFESIAADWFGDPRKQSLIAMANPTVDPIRLQVGQVIKLP,5466.785679999999
HHH_rd2_0123.pdb_GS,HMEDEVKRIAEELYKNGASDEQIERALRKNGVSEEKIKRALKYLRGS,5485.885212
HEEH_rd2_0383.pdb_GS,HMNREAYERLREAYEKGQPVTINGNTFEPGSDEWKRAYEEARKEAGS,5498.608652999998
HHH_rd4_0564.pdb_GS,HMPEEAKKVVEKLQREGYSLDQIYEIAKRRGDEDVVKIVQRLKRSGS,5509.957985
HHH_rd4_0032.pdb_GS,HMPEKIERIVEKLLKDGYDDDQIRRILQKQGVSDEEVDRVIRKVKGS,5559.994766999997
HEEH_TK_rd5_2117.pdb_G,HMSFEDLLREAREALRQGRSFRILGVEVRSEEELEEAFRWLEEERG,5588.797127999997
HEEH_TK_rd5_0059,HMSLEELRRLIEEALRDNRSINLWGIEVRDEEEARRLLEWLERLF,5631.948486
A0A1F7L0H3.1_68-114,HMYIVEEGEDLWQIAEKNYGSGYNAYDIAQANNLKEPYILIKGQQLVIP,5637.812997999999
HEEH_TK_rd5_2010.pdb_GS,HMDEEHFRRLLEEAKRHNRTIHILGIEVTTDEAWEKALELWQRRHGS,5771.935627999999
A0A1L6LTT3.1_6-54,HMYTVQPGDTLFKIAEEYYGDGNQWRLIHAANTDVIKNPDVIQVGWELAIP,5824.898795
HEEH_TK_rd5_0710.pdb_G,HMTEEEIKERLKELWRNNRTINLYGIEIENWEEAWKLWEEAEERKG,5826.8852739999975
HEEH_TK_rd5_3127.pdb_GS,HMHEEEWKKALERFRREGRTVHVAGFEIRNDEDARKFLEWWRKEVGS,5878.951612999999
HEEH_TK_rd5_0453.pdb_GG,HMDEEELRRLIKEALERGESLHLFGFEIRDEEEWKKLLEWLRRFRGG,5880.043449
HEEH_TK_rd5_3762.pdb_S,HMDEERRIEEAQKALERGETWEDNGERWTNLEEFERWLKEWREKKS,5887.814963000001
A0A2H5YN41.1_118-169,HMYVVQEGDTLLAIAERHLPPGKGLWDFAQEIAAVNGLDFNSPDIRPGDRIRVP,5993.079888999999
A0A1G6HS57.1_166-215,HMYTVVRGDDLWTLAETYLGDGMQWRQILDLNRERLAGNPEHLEPGWVLQIP,6101.046873999999
A0A1G9VJ07.1_678-735,HMVPNVVGMSPQQANKALTNAGFNLRIVGGGINQSGIIAISQSMASGSMAEHGTVVEVTF,6122.059813999999
R5LLS0.1_54-104,HMYTVTSGDTLWDIAEANMDYEYYDDVNDYIAEIKRMNNLYSDKIYTGQNLLI,6299.896604
A0A2N2KEF9.1_47-99,HMYKVKKGDVISAIIRKMPGITESDIPDNYRIIRQLNPEIEDLNKLYAGQILKLP,6346.470155000001
PDB1H9E,HMPEFLEDPSVLTKDKLKSELVANNVTLPAGEQRKDVYVQLYLQHLTARNRPPLPAGT,6536.464217
R6SK17.1_110-17,HMVTVPDLIGKTAVAANQTLAMRNLNIRIQGTKNYLSGSGATVVAQEPAAGTEVEAGSVITVTF,6580.442150999999
A0A1V4IT84.1_612-667,HMVVLPEIRNTKKSEALKKLKDLNIEYEIHGSGEYITDMNPKPGYTVKEGTKINLYTG,6602.455683999999
A0A2A9E9G9.1_632-690,HMVAVPDVRGMDTDAAHAELEKFDLVPEDQFAWGGFLGKVRFQSVDPGVEVPKGTTVSLTI,6608.314833999999
A0A1T4WIL2.1_605-660,HMIIIPEIRGMKKSDGIKILKELNLDYDIDDKGDYIIDMNPKPGYSVKEGKKIVLYTG,6619.514781
A0A249L614.1_451-512,HMVQVPLLVGLNEINAKTILTQSGFLIREISASDTSKPVGEILAQAPDAGATKTIGSVVTITVN,6625.604453000002
PDB6NNB,HMSNAMELDLQPGDVVKVLESAALGWVRARVIRVKSGGRVVVQSDQGREFTARGNQVRLIE,6726.5827229999995
A0A1D2RG51.1_3-63,HMEGTVKFFNATKNFGFISGDDGTDYFVHSSGVEAGVRLNEGDHVTFDVVEGDRGPKAEKVKK,6871.336506999997
A0A017H478.1_115-176,HMEIPSLVGTNLLTAQSLVQQQGLIIDKISYIPKDLPYNEILATDPDLSKPVAKGSKISFLVSG,6902.739887
A0A0S7C355.1_14-73,HMKGTVKFFNDQKGFGFIKDNDSDNEYFVHVSGLIDEVRENDEVTFDLKEGRKGLNAVNVKV,7087.520287999999
A0A202DGQ6.1_1-62,HMMKGKVKFFNQAKGFGFIAAEDGKEYFVHQSDLNEGVHISDEDDVSFEVTEGDRGPKATNVSK,7116.408685
E8RAZ5.1_120-18,HMGKITHLSPMEDYGTITTSDDRDIYFHRNSVLNTNFDALTIGTAVQFREEDGDKGPQARNVKV,7220.510858
A0A1H8YV83.1_500-561,HMTLQSLRGWTLDEVENYINDENLSLIHEEEFSDTVPEGEVIRQEPGANTELGQGDDVKVFISK,7269.500064
PDB1I0C,HMKKYAKSKYDFVARNSSELSVMKDDVLEILDDRRQWWKVRNASGDSGFVPNNILDIMRTPE,7297.665194000002
D0MCX4.1_51-112,HMVPDVRQLPYEQAAQILQAQGLRPERIPVRRFRSDLPVETVLDQTPPPQAAVKPGRRVYLTVN,7308.968708999999
M7TCS5.1_1-62,HMMKGKVKWFNPRKGFGFITGEDGKDIFVHQNDIAEGTQLNEEDSVEYEKEESEKGPKATNVKK,7323.603362999998
